---修改管理员账号密码为admin
update [LR_Base_User] set [F_Password] = '876ef48ebcc56a3d7b8d462d3bfbc9aa',[F_Secretkey] = '2f84bdf790144f20' where [F_Account] = 'System';
---修改部分表字段类型避免长度不不够报错
alter TABLE LR_Base_ModuleForm ALTER COLUMN F_FullName nvarchar(500);
alter TABLE LR_Base_Log ALTER COLUMN F_Module nvarchar(50);
---数据源数据
delete  from [LR_Base_DataSource] where [F_Id] = 'f2d587de-43e5-4310-b968-4544f4961a39'
INSERT [dbo].[LR_Base_DataSource] ([F_Id], [F_Code], [F_Name], [F_DbId], [F_Sql], [F_Description], [F_CreateUserId], [F_CreateUserName], [F_CreateDate], [F_ModifyUserId], [F_ModifyUserName], [F_ModifyDate]) VALUES (N'd5f27721-fdb0-4cfb-8733-176bf58a45c0', N'depdata', N'部门数据', N'f2d587de-43e5-4310-b968-4544f4961a39', N'SELECT  F_DepartmentId  ,F_ParentId,F_EnCode,F_FullName ,F_ShortName,F_CompanyId FROM LR_Base_Department', NULL, N'System', N'超级管理员', CAST(N'2017-09-27 15:54:35.930' AS DateTime), N'System', N'超级管理员', CAST(N'2018-12-02 18:04:06.637' AS DateTime))
INSERT [dbo].[LR_Base_DataSource] ([F_Id], [F_Code], [F_Name], [F_DbId], [F_Sql], [F_Description], [F_CreateUserId], [F_CreateUserName], [F_CreateDate], [F_ModifyUserId], [F_ModifyUserName], [F_ModifyDate]) VALUES (N'77383186-9364-4f0b-a39d-a486a40339ec', N'DatabaseLink', N'数据库连接', N'f2d587de-43e5-4310-b968-4544f4961a39', N'select F_DatabaseLinkId,F_DBName,F_DBAlias from LR_Base_DatabaseLink where F_DeleteMark = 0', NULL, N'System', N'超级管理员', CAST(N'2018-12-15 12:59:14.467' AS DateTime), N'System', N'超级管理员', CAST(N'2018-12-15 18:10:16.107' AS DateTime))
---数据字典数据
INSERT [dbo].[LR_Base_DataItem] ([F_ItemId], [F_ParentId], [F_ItemCode], [F_ItemName], [F_IsTree], [F_IsNav], [F_SortCode], [F_DeleteMark], [F_EnabledMark], [F_Description], [F_CreateDate], [F_CreateUserId], [F_CreateUserName], [F_ModifyDate], [F_ModifyUserId], [F_ModifyUserName]) VALUES (N'4a711b19-ff7e-49b7-974e-1dd610b0cb23', N'7BCDCAA4-2C65-444A-9D04-57F990585C92', N'IsEnabled', N'是否有效', 0, NULL, 300, 0, 1, N'我的桌面用到', CAST(N'2018-12-15 16:50:28.680' AS DateTime), N'System', N'超级管理员', CAST(N'2018-12-16 18:13:04.737' AS DateTime), N'System', N'超级管理员')
INSERT [dbo].[LR_Base_DataItem] ([F_ItemId], [F_ParentId], [F_ItemCode], [F_ItemName], [F_IsTree], [F_IsNav], [F_SortCode], [F_DeleteMark], [F_EnabledMark], [F_Description], [F_CreateDate], [F_CreateUserId], [F_CreateUserName], [F_ModifyDate], [F_ModifyUserId], [F_ModifyUserName]) VALUES (N'4e07d12e-99c9-4685-bd54-da76a3c742ff', N'7BCDCAA4-2C65-444A-9D04-57F990585C92', N'GetDataType', N'获取数据方式', 0, NULL, 301, 0, 1, N'我的桌面用到', CAST(N'2018-12-16 18:13:36.203' AS DateTime), N'System', N'超级管理员', NULL, NULL, NULL)
INSERT [dbo].[LR_Base_DataItem] ([F_ItemId], [F_ParentId], [F_ItemCode], [F_ItemName], [F_IsTree], [F_IsNav], [F_SortCode], [F_DeleteMark], [F_EnabledMark], [F_Description], [F_CreateDate], [F_CreateUserId], [F_CreateUserName], [F_ModifyDate], [F_ModifyUserId], [F_ModifyUserName]) VALUES (N'93c8b4aa-5a99-4b9a-accf-620e62c9f3ea', N'7BCDCAA4-2C65-444A-9D04-57F990585C92', N'ChartType', N'图表类型', 0, NULL, 302, 0, 1, NULL, CAST(N'2018-12-20 23:07:17.607' AS DateTime), N'System', N'超级管理员', NULL, NULL, NULL)

INSERT [dbo].[LR_Base_DataItemDetail] ([F_ItemDetailId], [F_ItemId], [F_ParentId], [F_ItemCode], [F_ItemName], [F_ItemValue], [F_QuickQuery], [F_SimpleSpelling], [F_IsDefault], [F_SortCode], [F_DeleteMark], [F_EnabledMark], [F_Description], [F_CreateDate], [F_CreateUserId], [F_CreateUserName], [F_ModifyDate], [F_ModifyUserId], [F_ModifyUserName]) VALUES (N'd90e1dae-5c4e-431e-b3c0-c3ec7e273839', N'4a711b19-ff7e-49b7-974e-1dd610b0cb23', N'0', NULL, N'是', N'1', N'SHI', N's', NULL, 1, 0, 1, NULL, CAST(N'2018-12-15 16:50:39.860' AS DateTime), NULL, NULL, NULL, NULL, NULL)
INSERT [dbo].[LR_Base_DataItemDetail] ([F_ItemDetailId], [F_ItemId], [F_ParentId], [F_ItemCode], [F_ItemName], [F_ItemValue], [F_QuickQuery], [F_SimpleSpelling], [F_IsDefault], [F_SortCode], [F_DeleteMark], [F_EnabledMark], [F_Description], [F_CreateDate], [F_CreateUserId], [F_CreateUserName], [F_ModifyDate], [F_ModifyUserId], [F_ModifyUserName]) VALUES (N'3a6abf13-e6e3-4cba-93cd-38ab5596db7d', N'4a711b19-ff7e-49b7-974e-1dd610b0cb23', N'0', NULL, N'否', N'0', N'FOU', N'f', NULL, 0, 0, 1, NULL, CAST(N'2018-12-15 16:50:49.233' AS DateTime), NULL, NULL, NULL, NULL, NULL)
INSERT [dbo].[LR_Base_DataItemDetail] ([F_ItemDetailId], [F_ItemId], [F_ParentId], [F_ItemCode], [F_ItemName], [F_ItemValue], [F_QuickQuery], [F_SimpleSpelling], [F_IsDefault], [F_SortCode], [F_DeleteMark], [F_EnabledMark], [F_Description], [F_CreateDate], [F_CreateUserId], [F_CreateUserName], [F_ModifyDate], [F_ModifyUserId], [F_ModifyUserName]) VALUES (N'e301565b-8aa1-48f6-a627-9ed1127cddab', N'4e07d12e-99c9-4685-bd54-da76a3c742ff', N'0', NULL, N'接口调用SQL语句', N'0', N'JIEKOUDIAOYONGSQLYUJU', N'jkdysqlyj', NULL, 0, 0, 1, NULL, CAST(N'2018-12-16 18:13:50.873' AS DateTime), NULL, NULL, CAST(N'2018-12-16 22:39:07.743' AS DateTime), NULL, NULL)
INSERT [dbo].[LR_Base_DataItemDetail] ([F_ItemDetailId], [F_ItemId], [F_ParentId], [F_ItemCode], [F_ItemName], [F_ItemValue], [F_QuickQuery], [F_SimpleSpelling], [F_IsDefault], [F_SortCode], [F_DeleteMark], [F_EnabledMark], [F_Description], [F_CreateDate], [F_CreateUserId], [F_CreateUserName], [F_ModifyDate], [F_ModifyUserId], [F_ModifyUserName]) VALUES (N'5e5d5849-8fb3-490b-8ac6-feedd17ef409', N'4e07d12e-99c9-4685-bd54-da76a3c742ff', N'0', NULL, N'接口直接获取', N'1', N'JIEKOUZHIJIEHUOQU', N'jkzjhq', NULL, 1, 0, 1, NULL, CAST(N'2018-12-16 18:14:01.690' AS DateTime), NULL, NULL, CAST(N'2018-12-16 22:38:53.590' AS DateTime), NULL, NULL)
INSERT [dbo].[LR_Base_DataItemDetail] ([F_ItemDetailId], [F_ItemId], [F_ParentId], [F_ItemCode], [F_ItemName], [F_ItemValue], [F_QuickQuery], [F_SimpleSpelling], [F_IsDefault], [F_SortCode], [F_DeleteMark], [F_EnabledMark], [F_Description], [F_CreateDate], [F_CreateUserId], [F_CreateUserName], [F_ModifyDate], [F_ModifyUserId], [F_ModifyUserName]) VALUES (N'c0f14054-acd2-4237-881e-d4b5e485bb73', N'93c8b4aa-5a99-4b9a-accf-620e62c9f3ea', N'0', NULL, N'饼图', N'pie', N'BINGTU', N'bt', NULL, 1, 0, 1, NULL, CAST(N'2018-12-20 23:07:32.237' AS DateTime), NULL, NULL, CAST(N'2018-12-22 00:17:56.787' AS DateTime), NULL, NULL)
INSERT [dbo].[LR_Base_DataItemDetail] ([F_ItemDetailId], [F_ItemId], [F_ParentId], [F_ItemCode], [F_ItemName], [F_ItemValue], [F_QuickQuery], [F_SimpleSpelling], [F_IsDefault], [F_SortCode], [F_DeleteMark], [F_EnabledMark], [F_Description], [F_CreateDate], [F_CreateUserId], [F_CreateUserName], [F_ModifyDate], [F_ModifyUserId], [F_ModifyUserName]) VALUES (N'671ca56a-9cf8-4594-b361-620a4295e808', N'93c8b4aa-5a99-4b9a-accf-620e62c9f3ea', N'0', NULL, N'柱状/条形图', N'bar', N'ZHUZHUANG/TIAOXINGTU', N'zz/txt', NULL, 2, 0, 1, NULL, CAST(N'2018-12-20 23:07:44.100' AS DateTime), NULL, NULL, CAST(N'2018-12-22 00:20:43.187' AS DateTime), NULL, NULL)
INSERT [dbo].[LR_Base_DataItemDetail] ([F_ItemDetailId], [F_ItemId], [F_ParentId], [F_ItemCode], [F_ItemName], [F_ItemValue], [F_QuickQuery], [F_SimpleSpelling], [F_IsDefault], [F_SortCode], [F_DeleteMark], [F_EnabledMark], [F_Description], [F_CreateDate], [F_CreateUserId], [F_CreateUserName], [F_ModifyDate], [F_ModifyUserId], [F_ModifyUserName]) VALUES (N'1937bfc8-8cda-49a9-80bf-4dd544cab988', N'93c8b4aa-5a99-4b9a-accf-620e62c9f3ea', N'0', NULL, N'折线/面积图', N'line', N'ZHEXIAN/MIANJITU', N'zx/mjt', NULL, 3, 0, 1, NULL, CAST(N'2018-12-20 23:07:51.133' AS DateTime), NULL, NULL, CAST(N'2018-12-22 00:20:34.480' AS DateTime), NULL, NULL)
INSERT [dbo].[LR_Base_DataItemDetail] ([F_ItemDetailId], [F_ItemId], [F_ParentId], [F_ItemCode], [F_ItemName], [F_ItemValue], [F_QuickQuery], [F_SimpleSpelling], [F_IsDefault], [F_SortCode], [F_DeleteMark], [F_EnabledMark], [F_Description], [F_CreateDate], [F_CreateUserId], [F_CreateUserName], [F_ModifyDate], [F_ModifyUserId], [F_ModifyUserName]) VALUES (N'ba6622c1-625c-421c-8461-cbb20f17c2fe', N'93c8b4aa-5a99-4b9a-accf-620e62c9f3ea', N'0', NULL, N'散点（气泡）图', N'scatter', N'SANDIAN（QIPAO）TU', N'sdqpt', NULL, 4, 0, 1, NULL, CAST(N'2018-12-22 00:18:14.520' AS DateTime), NULL, NULL, NULL, NULL, NULL)
INSERT [dbo].[LR_Base_DataItemDetail] ([F_ItemDetailId], [F_ItemId], [F_ParentId], [F_ItemCode], [F_ItemName], [F_ItemValue], [F_QuickQuery], [F_SimpleSpelling], [F_IsDefault], [F_SortCode], [F_DeleteMark], [F_EnabledMark], [F_Description], [F_CreateDate], [F_CreateUserId], [F_CreateUserName], [F_ModifyDate], [F_ModifyUserId], [F_ModifyUserName]) VALUES (N'b64f40bd-f449-4716-a676-3dc3d532f53f', N'93c8b4aa-5a99-4b9a-accf-620e62c9f3ea', N'0', NULL, N'雷达图', N'radar', N'LEIDATU', N'ldt', NULL, 5, 0, 1, NULL, CAST(N'2018-12-22 00:18:32.557' AS DateTime), NULL, NULL, NULL, NULL, NULL)
INSERT [dbo].[LR_Base_DataItemDetail] ([F_ItemDetailId], [F_ItemId], [F_ParentId], [F_ItemCode], [F_ItemName], [F_ItemValue], [F_QuickQuery], [F_SimpleSpelling], [F_IsDefault], [F_SortCode], [F_DeleteMark], [F_EnabledMark], [F_Description], [F_CreateDate], [F_CreateUserId], [F_CreateUserName], [F_ModifyDate], [F_ModifyUserId], [F_ModifyUserName]) VALUES (N'5260d6d2-f0a0-4bac-8b7d-398504b70f74', N'93c8b4aa-5a99-4b9a-accf-620e62c9f3ea', N'0', NULL, N'树图', N'tree', N'SHUTU', N'st', NULL, 6, 0, 1, NULL, CAST(N'2018-12-22 00:18:50.733' AS DateTime), NULL, NULL, CAST(N'2018-12-22 00:18:59.940' AS DateTime), NULL, NULL)
INSERT [dbo].[LR_Base_DataItemDetail] ([F_ItemDetailId], [F_ItemId], [F_ParentId], [F_ItemCode], [F_ItemName], [F_ItemValue], [F_QuickQuery], [F_SimpleSpelling], [F_IsDefault], [F_SortCode], [F_DeleteMark], [F_EnabledMark], [F_Description], [F_CreateDate], [F_CreateUserId], [F_CreateUserName], [F_ModifyDate], [F_ModifyUserId], [F_ModifyUserName]) VALUES (N'464c5ddf-0d7d-4d02-a2f9-0add4a39e5d6', N'93c8b4aa-5a99-4b9a-accf-620e62c9f3ea', N'0', NULL, N'地图', N'map', N'DITU', N'dt', NULL, 7, 0, 1, NULL, CAST(N'2018-12-22 00:19:23.957' AS DateTime), NULL, NULL, NULL, NULL, NULL)
INSERT [dbo].[LR_Base_DataItemDetail] ([F_ItemDetailId], [F_ItemId], [F_ParentId], [F_ItemCode], [F_ItemName], [F_ItemValue], [F_QuickQuery], [F_SimpleSpelling], [F_IsDefault], [F_SortCode], [F_DeleteMark], [F_EnabledMark], [F_Description], [F_CreateDate], [F_CreateUserId], [F_CreateUserName], [F_ModifyDate], [F_ModifyUserId], [F_ModifyUserName]) VALUES (N'ad86b377-513e-49e8-a7df-e021a27fa619', N'93c8b4aa-5a99-4b9a-accf-620e62c9f3ea', N'0', NULL, N'仪表盘', N'gauge', N'YIBIAOPAN', N'ybp', NULL, 8, 0, 1, NULL, CAST(N'2018-12-22 00:19:53.087' AS DateTime), NULL, NULL, NULL, NULL, NULL)
INSERT [dbo].[LR_Base_DataItemDetail] ([F_ItemDetailId], [F_ItemId], [F_ParentId], [F_ItemCode], [F_ItemName], [F_ItemValue], [F_QuickQuery], [F_SimpleSpelling], [F_IsDefault], [F_SortCode], [F_DeleteMark], [F_EnabledMark], [F_Description], [F_CreateDate], [F_CreateUserId], [F_CreateUserName], [F_ModifyDate], [F_ModifyUserId], [F_ModifyUserName]) VALUES (N'256dd8bf-f930-428d-bc99-e323cf672453', N'93c8b4aa-5a99-4b9a-accf-620e62c9f3ea', N'0', NULL, N'关系图', N'graph', N'GUANXITU', N'gxt', NULL, 9, 0, 1, NULL, CAST(N'2018-12-22 00:20:21.803' AS DateTime), NULL, NULL, NULL, NULL, NULL)

---我的桌面3大配置表结构及数据
------统计指标配置
CREATE TABLE [dbo].[LR_Base_Desktop_Target](
	[F_TargetId] [varchar](50) NOT NULL,
	[F_Name] [varchar](50) NOT NULL,
	[F_BGColorCode] [varchar](50) NULL,
	[F_MoreColorCode] [varchar](50) NULL,
	[F_Icon] [varchar](50) NULL,
	[F_SortCode] [int] NULL,
	[F_Url] [varchar](500) NULL,
	[F_Description] [varchar](2500) NULL,
	[F_DataBaseLinkId] [varchar](500) NULL,
	[F_Sql] [varchar](max) NULL,
	[F_Enabled] [int] NULL,
	[F_CreateDate] [datetime] NULL,
	[F_CreateUserId] [varchar](500) NULL,
	[F_CreateUserName] [varchar](500) NULL,
	[F_ModifyDate] [datetime] NULL,
	[F_ModifyUserId] [varchar](500) NULL,
	[F_ModifyUserName] [varchar](500) NULL,
 CONSTRAINT [PK_LR_Base_Desktop_DTTarget] PRIMARY KEY CLUSTERED 
(
	[F_TargetId] ASC
)WITH (PAD_INDEX = OFF, STATISTICS_NORECOMPUTE = OFF, IGNORE_DUP_KEY = OFF, ALLOW_ROW_LOCKS = ON, ALLOW_PAGE_LOCKS = ON) ON [PRIMARY]
) ON [PRIMARY] TEXTIMAGE_ON [PRIMARY]

GO

SET ANSI_PADDING OFF
GO

EXEC sys.sp_addextendedproperty @name=N'MS_Description', @value=N'创建日期' , @level0type=N'SCHEMA',@level0name=N'dbo', @level1type=N'TABLE',@level1name=N'LR_Base_Desktop_Target', @level2type=N'COLUMN',@level2name=N'F_CreateDate'
GO

EXEC sys.sp_addextendedproperty @name=N'MS_Description', @value=N'创建用户主键' , @level0type=N'SCHEMA',@level0name=N'dbo', @level1type=N'TABLE',@level1name=N'LR_Base_Desktop_Target', @level2type=N'COLUMN',@level2name=N'F_CreateUserId'
GO

EXEC sys.sp_addextendedproperty @name=N'MS_Description', @value=N'创建用户' , @level0type=N'SCHEMA',@level0name=N'dbo', @level1type=N'TABLE',@level1name=N'LR_Base_Desktop_Target', @level2type=N'COLUMN',@level2name=N'F_CreateUserName'
GO

EXEC sys.sp_addextendedproperty @name=N'MS_Description', @value=N'修改日期' , @level0type=N'SCHEMA',@level0name=N'dbo', @level1type=N'TABLE',@level1name=N'LR_Base_Desktop_Target', @level2type=N'COLUMN',@level2name=N'F_ModifyDate'
GO

EXEC sys.sp_addextendedproperty @name=N'MS_Description', @value=N'修改用户主键' , @level0type=N'SCHEMA',@level0name=N'dbo', @level1type=N'TABLE',@level1name=N'LR_Base_Desktop_Target', @level2type=N'COLUMN',@level2name=N'F_ModifyUserId'
GO

EXEC sys.sp_addextendedproperty @name=N'MS_Description', @value=N'修改用户' , @level0type=N'SCHEMA',@level0name=N'dbo', @level1type=N'TABLE',@level1name=N'LR_Base_Desktop_Target', @level2type=N'COLUMN',@level2name=N'F_ModifyUserName'
GO
INSERT [dbo].[LR_Base_Desktop_Target] ([F_TargetId], [F_Name], [F_BGColorCode], [F_MoreColorCode], [F_Icon], [F_SortCode], [F_Url], [F_Description], [F_DataBaseLinkId], [F_Sql], [F_Enabled], [F_CreateDate], [F_CreateUserId], [F_CreateUserName], [F_ModifyDate], [F_ModifyUserId], [F_ModifyUserName]) VALUES (N'15cc90d4-2db0-27bc-0ffe-00663154bf26', N'待交付的销售订单', N'#e35b5a', N'#e04a49', N'fa fa-bar-chart-o', 1, N'/LR_CRMModule/Chance/Index', NULL, N'f2d587de-43e5-4310-b968-4544f4961a39', N'select 20200 as value', 1, CAST(N'2018-12-16 01:42:51.000' AS DateTime), N'System', N'超级管理员', CAST(N'2018-12-16 01:42:51.000' AS DateTime), N'System', N'超级管理员')
INSERT [dbo].[LR_Base_Desktop_Target] ([F_TargetId], [F_Name], [F_BGColorCode], [F_MoreColorCode], [F_Icon], [F_SortCode], [F_Url], [F_Description], [F_DataBaseLinkId], [F_Sql], [F_Enabled], [F_CreateDate], [F_CreateUserId], [F_CreateUserName], [F_ModifyDate], [F_ModifyUserId], [F_ModifyUserName]) VALUES (N'209f5104-4a10-7385-ca06-2e179a29913f', N'新签订单量', N'#44b6ae', N'#3ea7a0', N'fa fa-windows', 2, N'/LR_CRMModule/CrmOrder/Index', NULL, N'f2d587de-43e5-4310-b968-4544f4961a39', N'select 3000 as value', 1, CAST(N'2018-12-16 00:07:45.000' AS DateTime), N'System', N'超级管理员', CAST(N'2018-12-16 00:07:45.000' AS DateTime), N'System', N'超级管理员')
INSERT [dbo].[LR_Base_Desktop_Target] ([F_TargetId], [F_Name], [F_BGColorCode], [F_MoreColorCode], [F_Icon], [F_SortCode], [F_Url], [F_Description], [F_DataBaseLinkId], [F_Sql], [F_Enabled], [F_CreateDate], [F_CreateUserId], [F_CreateUserName], [F_ModifyDate], [F_ModifyUserId], [F_ModifyUserName]) VALUES (N'33688b8c-4479-59a4-bacc-aa090549f101', N'本周付款额', N'#8775a7', N'#7c699f', N'fa fa-globe', 3, N'/LR_CRMModule/CrmOrder/Index', NULL, N'f2d587de-43e5-4310-b968-4544f4961a39', N'select 4000 as value', 1, CAST(N'2018-12-16 00:07:48.000' AS DateTime), N'System', N'超级管理员', CAST(N'2018-12-16 00:07:48.000' AS DateTime), N'System', N'超级管理员')
INSERT [dbo].[LR_Base_Desktop_Target] ([F_TargetId], [F_Name], [F_BGColorCode], [F_MoreColorCode], [F_Icon], [F_SortCode], [F_Url], [F_Description], [F_DataBaseLinkId], [F_Sql], [F_Enabled], [F_CreateDate], [F_CreateUserId], [F_CreateUserName], [F_ModifyDate], [F_ModifyUserId], [F_ModifyUserName]) VALUES (N'4c25eb72-19d7-6f56-f052-653d0dd0af5e', N'利润总额', N'#3598dc', N'#258fd7', N'fa fa-globe', 4, N'/LR_CRMModule/CrmOrder/Index', NULL, N'f2d587de-43e5-4310-b968-4544f4961a39', N'select 5000 as value', 1, CAST(N'2018-12-16 00:48:50.000' AS DateTime), N'System', N'超级管理员', CAST(N'2018-12-16 00:48:50.000' AS DateTime), N'System', N'超级管理员')
INSERT [dbo].[LR_Base_Desktop_Target] ([F_TargetId], [F_Name], [F_BGColorCode], [F_MoreColorCode], [F_Icon], [F_SortCode], [F_Url], [F_Description], [F_DataBaseLinkId], [F_Sql], [F_Enabled], [F_CreateDate], [F_CreateUserId], [F_CreateUserName], [F_ModifyDate], [F_ModifyUserId], [F_ModifyUserName]) VALUES (N'99805880-62eb-2331-061a-4e9fd1b2029e', N'待收货的焦煤', N'#578ebe', N'#4884b8', N'fa fa-pie-chart', 0, N'/LR_CRMModule/CrmOrder/Index', NULL, N'f2d587de-43e5-4310-b968-4544f4961a39', N'select 1000 as value', 1, CAST(N'2018-12-16 00:07:54.000' AS DateTime), N'System', N'超级管理员', CAST(N'2018-12-16 00:07:54.000' AS DateTime), N'System', N'超级管理员')
go
------消息列表配置
CREATE TABLE [dbo].[LR_Base_Desktop_MessageList](
	[F_MListId] [varchar](50) NOT NULL,
	[F_Name] [varchar](50) NOT NULL,
	[F_Icon] [varchar](50) NULL,
	[F_SortCode] [int] NULL,
	[F_Url] [varchar](500) NULL,
	[F_ItemUrl] [varchar](500) NULL,
	[F_Description] [varchar](2500) NULL,
	[F_GetDataType] [int] NULL,
	[F_DataBaseLinkId] [varchar](500) NULL,
	[F_Sql] [varchar](max) NULL,
	[F_Interface] [varchar](500) NULL,
	[F_InterfaceParam] [varchar](500) NULL,
	[F_Enabled] [int] NULL,
	[F_CreateDate] [datetime] NULL,
	[F_CreateUserId] [varchar](50) NULL,
	[F_CreateUserName] [varchar](50) NULL,
	[F_ModifyDate] [datetime] NULL,
	[F_ModifyUserId] [varchar](50) NULL,
	[F_ModifyUserName] [varchar](50) NULL,
 CONSTRAINT [PK_LR_Base_Desktop_MessageList] PRIMARY KEY CLUSTERED 
(
	[F_MListId] ASC
)WITH (PAD_INDEX = OFF, STATISTICS_NORECOMPUTE = OFF, IGNORE_DUP_KEY = OFF, ALLOW_ROW_LOCKS = ON, ALLOW_PAGE_LOCKS = ON) ON [PRIMARY]
) ON [PRIMARY] TEXTIMAGE_ON [PRIMARY]

GO

SET ANSI_PADDING OFF
GO

EXEC sys.sp_addextendedproperty @name=N'MS_Description', @value=N'创建日期' , @level0type=N'SCHEMA',@level0name=N'dbo', @level1type=N'TABLE',@level1name=N'LR_Base_Desktop_MessageList', @level2type=N'COLUMN',@level2name=N'F_CreateDate'
GO

EXEC sys.sp_addextendedproperty @name=N'MS_Description', @value=N'创建用户主键' , @level0type=N'SCHEMA',@level0name=N'dbo', @level1type=N'TABLE',@level1name=N'LR_Base_Desktop_MessageList', @level2type=N'COLUMN',@level2name=N'F_CreateUserId'
GO

EXEC sys.sp_addextendedproperty @name=N'MS_Description', @value=N'创建用户' , @level0type=N'SCHEMA',@level0name=N'dbo', @level1type=N'TABLE',@level1name=N'LR_Base_Desktop_MessageList', @level2type=N'COLUMN',@level2name=N'F_CreateUserName'
GO

EXEC sys.sp_addextendedproperty @name=N'MS_Description', @value=N'修改日期' , @level0type=N'SCHEMA',@level0name=N'dbo', @level1type=N'TABLE',@level1name=N'LR_Base_Desktop_MessageList', @level2type=N'COLUMN',@level2name=N'F_ModifyDate'
GO

EXEC sys.sp_addextendedproperty @name=N'MS_Description', @value=N'修改用户主键' , @level0type=N'SCHEMA',@level0name=N'dbo', @level1type=N'TABLE',@level1name=N'LR_Base_Desktop_MessageList', @level2type=N'COLUMN',@level2name=N'F_ModifyUserId'
GO

EXEC sys.sp_addextendedproperty @name=N'MS_Description', @value=N'修改用户' , @level0type=N'SCHEMA',@level0name=N'dbo', @level1type=N'TABLE',@level1name=N'LR_Base_Desktop_MessageList', @level2type=N'COLUMN',@level2name=N'F_ModifyUserName'
GO
INSERT [dbo].[LR_Base_Desktop_MessageList] ([F_MListId], [F_Name], [F_Icon], [F_SortCode], [F_Url], [F_ItemUrl], [F_Description], [F_GetDataType], [F_DataBaseLinkId], [F_Sql], [F_Interface], [F_InterfaceParam], [F_Enabled], [F_CreateDate], [F_CreateUserId], [F_CreateUserName], [F_ModifyDate], [F_ModifyUserId], [F_ModifyUserName]) VALUES (N'6ba6bfdf-c7cf-043f-edc5-a78bd5929010', N'待办任务', N'fa fa-coffee', 0, N'/LR_WorkFlowModule/WfMyTask/Index?categoryId=2', N'/LR_WorkFlowModule/WfMyTask/CustmerWorkFlowForm?tabIframeId=@F_TaskId&type=1&processId=@F_Id&taskId=@F_TaskId', N'待办任务', 1, NULL, NULL, N'/LR_WorkFlowModule/WfMyTask/GetTaskList', N'{
    "queryJson":"{ \"StartTime\": \"1900-01-01 00:00:00\", \"EndTime\": \"3000-01-01 00:00:00\" }",
    "categoryId": 2,
    "pagination":"{ \"rows\": 5, \"page\": 1, \"sidx\": \"F_CreateDate\", \"sord\": \"ASC\", \"records\": 0, \"total\": 0 }"
}', 1, CAST(N'2018-12-16 22:19:08.000' AS DateTime), N'System', N'超级管理员', CAST(N'2018-12-16 22:19:08.000' AS DateTime), N'System', N'超级管理员')
INSERT [dbo].[LR_Base_Desktop_MessageList] ([F_MListId], [F_Name], [F_Icon], [F_SortCode], [F_Url], [F_ItemUrl], [F_Description], [F_GetDataType], [F_DataBaseLinkId], [F_Sql], [F_Interface], [F_InterfaceParam], [F_Enabled], [F_CreateDate], [F_CreateUserId], [F_CreateUserName], [F_ModifyDate], [F_ModifyUserId], [F_ModifyUserName]) VALUES (N'bd0f2ee7-ee71-92af-f94a-47b6ad438395', N'通知公告', N'fa fa-bullhorn', 2, N'/LR_OAModule/Notice/Index', N'/Utility/ListContentIndex?id=@f_id', N'通知公告', 0, N'f2d587de-43e5-4310-b968-4544f4961a39', N'SELECT F_NewsId as f_id,F_FullHead AS f_title,F_CreateDate AS f_time,F_NewsContent AS f_content FROM LR_OA_News WHERE F_TypeId =2', N'/LR_SystemModule/Desktop/GetSqlData', NULL, 1, CAST(N'2018-12-16 22:18:08.000' AS DateTime), N'System', N'超级管理员', CAST(N'2018-12-16 22:18:08.000' AS DateTime), N'System', N'超级管理员')
INSERT [dbo].[LR_Base_Desktop_MessageList] ([F_MListId], [F_Name], [F_Icon], [F_SortCode], [F_Url], [F_ItemUrl], [F_Description], [F_GetDataType], [F_DataBaseLinkId], [F_Sql], [F_Interface], [F_InterfaceParam], [F_Enabled], [F_CreateDate], [F_CreateUserId], [F_CreateUserName], [F_ModifyDate], [F_ModifyUserId], [F_ModifyUserName]) VALUES (N'c0206ee6-0c6d-b7c8-070b-0ba3f87cc6fb', N'新闻列表', N'fa fa-feed', 1, N'/LR_OAModule/News/Index', N'/Utility/ListContentIndex?id=@f_id', N'新闻列表', 0, N'f2d587de-43e5-4310-b968-4544f4961a39', N'SELECT top 5 F_NewsId as f_id,F_FullHead AS f_title,F_CreateDate AS f_time,F_NewsContent AS f_content FROM LR_OA_News WHERE F_TypeId =1 order by F_CreateDate desc', N'/LR_SystemModule/Desktop/GetSqlData', NULL, 1, CAST(N'2018-12-16 22:18:15.000' AS DateTime), N'System', N'超级管理员', CAST(N'2018-12-16 22:18:15.000' AS DateTime), N'System', N'超级管理员')
go
------图表配置
CREATE TABLE [dbo].[LR_Base_Desktop_Chart](
	[F_ChartId] [varchar](50) NOT NULL,
	[F_Name] [varchar](50) NOT NULL,
	[F_Icon] [varchar](50) NULL,
	[F_SortCode] [int] NULL,
	[F_Url] [varchar](500) NULL,
	[F_ChartType] [varchar](50) NULL,
	[F_Description] [varchar](2500) NULL,
	[F_DataBaseLinkId] [varchar](500) NULL,
	[F_Sql] [varchar](max) NULL,
	[F_Enabled] [int] NULL,
	[F_CreateDate] [datetime] NULL,
	[F_CreateUserId] [varchar](500) NULL,
	[F_CreateUserName] [varchar](500) NULL,
	[F_ModifyDate] [datetime] NULL,
	[F_ModifyUserId] [varchar](500) NULL,
	[F_ModifyUserName] [varchar](500) NULL,
 CONSTRAINT [PK_LR_Base_Desktop_Chart] PRIMARY KEY CLUSTERED 
(
	[F_ChartId] ASC
)WITH (PAD_INDEX = OFF, STATISTICS_NORECOMPUTE = OFF, IGNORE_DUP_KEY = OFF, ALLOW_ROW_LOCKS = ON, ALLOW_PAGE_LOCKS = ON) ON [PRIMARY]
) ON [PRIMARY] TEXTIMAGE_ON [PRIMARY]

GO

SET ANSI_PADDING OFF
GO

EXEC sys.sp_addextendedproperty @name=N'MS_Description', @value=N'创建日期' , @level0type=N'SCHEMA',@level0name=N'dbo', @level1type=N'TABLE',@level1name=N'LR_Base_Desktop_Chart', @level2type=N'COLUMN',@level2name=N'F_CreateDate'
GO

EXEC sys.sp_addextendedproperty @name=N'MS_Description', @value=N'创建用户主键' , @level0type=N'SCHEMA',@level0name=N'dbo', @level1type=N'TABLE',@level1name=N'LR_Base_Desktop_Chart', @level2type=N'COLUMN',@level2name=N'F_CreateUserId'
GO

EXEC sys.sp_addextendedproperty @name=N'MS_Description', @value=N'创建用户' , @level0type=N'SCHEMA',@level0name=N'dbo', @level1type=N'TABLE',@level1name=N'LR_Base_Desktop_Chart', @level2type=N'COLUMN',@level2name=N'F_CreateUserName'
GO

EXEC sys.sp_addextendedproperty @name=N'MS_Description', @value=N'修改日期' , @level0type=N'SCHEMA',@level0name=N'dbo', @level1type=N'TABLE',@level1name=N'LR_Base_Desktop_Chart', @level2type=N'COLUMN',@level2name=N'F_ModifyDate'
GO

EXEC sys.sp_addextendedproperty @name=N'MS_Description', @value=N'修改用户主键' , @level0type=N'SCHEMA',@level0name=N'dbo', @level1type=N'TABLE',@level1name=N'LR_Base_Desktop_Chart', @level2type=N'COLUMN',@level2name=N'F_ModifyUserId'
GO

EXEC sys.sp_addextendedproperty @name=N'MS_Description', @value=N'修改用户' , @level0type=N'SCHEMA',@level0name=N'dbo', @level1type=N'TABLE',@level1name=N'LR_Base_Desktop_Chart', @level2type=N'COLUMN',@level2name=N'F_ModifyUserName'
GO
INSERT [dbo].[LR_Base_Desktop_Chart] ([F_ChartId], [F_Name], [F_Icon], [F_SortCode], [F_Url], [F_ChartType], [F_Description], [F_DataBaseLinkId], [F_Sql], [F_Enabled], [F_CreateDate], [F_CreateUserId], [F_CreateUserName], [F_ModifyDate], [F_ModifyUserId], [F_ModifyUserName]) VALUES (N'472c33c9-31b2-29ab-c966-847c5ce5e2d2', N'客户订单占比', N'fa fa-pie-chart', 1, NULL, N'pie', NULL, N'f2d587de-43e5-4310-b968-4544f4961a39', N'SELECT c.F_FullName AS name, SUM(o.F_Accounts) AS value
FROM LR_CRM_Order o
	INNER JOIN LR_CRM_Customer c ON o.F_CustomerId = c.F_CustomerId
GROUP BY c.F_FullName', 1, CAST(N'2018-12-22 01:12:43.000' AS DateTime), N'System', N'超级管理员', CAST(N'2018-12-22 01:12:43.000' AS DateTime), N'System', N'超级管理员')
INSERT [dbo].[LR_Base_Desktop_Chart] ([F_ChartId], [F_Name], [F_Icon], [F_SortCode], [F_Url], [F_ChartType], [F_Description], [F_DataBaseLinkId], [F_Sql], [F_Enabled], [F_CreateDate], [F_CreateUserId], [F_CreateUserName], [F_ModifyDate], [F_ModifyUserId], [F_ModifyUserName]) VALUES (N'9f87c7c7-2168-6cc7-dd38-36251c5ea0dd', N'柱状图测试', N'fa fa-bar-chart', 3, NULL, N'bar', NULL, N'f2d587de-43e5-4310-b968-4544f4961a39', N'SELECT CONVERT(VARCHAR(10),o.F_CreateDate,102)  AS name, SUM(o.F_Accounts) AS value
FROM LR_CRM_Order o
GROUP BY CONVERT(VARCHAR(10),o.F_CreateDate,102) ORDER BY CONVERT(VARCHAR(10),o.F_CreateDate,102)', 1, CAST(N'2018-12-22 01:12:29.000' AS DateTime), N'System', N'超级管理员', CAST(N'2018-12-22 01:12:29.000' AS DateTime), N'System', N'超级管理员')
INSERT [dbo].[LR_Base_Desktop_Chart] ([F_ChartId], [F_Name], [F_Icon], [F_SortCode], [F_Url], [F_ChartType], [F_Description], [F_DataBaseLinkId], [F_Sql], [F_Enabled], [F_CreateDate], [F_CreateUserId], [F_CreateUserName], [F_ModifyDate], [F_ModifyUserId], [F_ModifyUserName]) VALUES (N'ede65916-19f3-2dfc-b580-4e69e11d9c17', N'每月订单量', N'fa fa-line-chart', 2, NULL, N'line', NULL, N'f2d587de-43e5-4310-b968-4544f4961a39', N'SELECT CONVERT(VARCHAR(10),o.F_CreateDate,102)  AS name, SUM(o.F_Accounts) AS value
FROM LR_CRM_Order o
GROUP BY CONVERT(VARCHAR(10),o.F_CreateDate,102) ORDER BY CONVERT(VARCHAR(10),o.F_CreateDate,102)', 1, CAST(N'2018-12-22 01:12:36.000' AS DateTime), N'System', N'超级管理员', CAST(N'2018-12-22 01:12:36.000' AS DateTime), N'System', N'超级管理员')
go

---我的桌面三大配置表单设计数据
INSERT [dbo].[LR_Form_SchemeInfo] ([F_Id], [F_Name], [F_Type], [F_Category], [F_SchemeId], [F_DeleteMark], [F_EnabledMark], [F_Description], [F_CreateDate], [F_CreateUserId], [F_CreateUserName], [F_ModifyDate], [F_ModifyUserId], [F_ModifyUserName], [F_UrlAddress]) VALUES (N'ef052737-11a3-4ff7-8abc-4a6014d82ddb', N'统计配置', 0, N'11', N'82e781ed-946a-4d1c-91d3-24f3fa860015', 0, 1, N'我的桌面-统计配置', CAST(N'2018-12-14 21:52:18.673' AS DateTime), N'System', N'超级管理员', CAST(N'2018-12-16 19:06:08.163' AS DateTime), N'System', N'超级管理员', NULL)
INSERT [dbo].[LR_Form_Scheme] ([F_Id], [F_SchemeInfoId], [F_Type], [F_Scheme], [F_CreateDate], [F_CreateUserId], [F_CreateUserName]) VALUES (N'024481e2-7b37-4c9d-9c06-9b247e402b86', N'ef052737-11a3-4ff7-8abc-4a6014d82ddb', 1, N'{"dbId":"f2d587de-43e5-4310-b968-4544f4961a39","dbTable":[{"name":"LR_Base_Desktop_Target","field":"F_TargetId","relationName":"","relationField":""}],"data":[{"id":"1","text":"基本信息","componts":[{"title":"GUID","type":"guid","table":"LR_Base_Desktop_Target","field":"F_TargetId","proportion":"1","id":"F_TargetId"},{"title":"名称","type":"text","table":"LR_Base_Desktop_Target","field":"F_Name","proportion":"2","verify":"NotNull","isHide":"0","dfvalue":"","id":"F_Name"},{"title":"图标","type":"text","table":"LR_Base_Desktop_Target","field":"F_Icon","proportion":"2","verify":"","isHide":"0","dfvalue":"","id":"F_Icon"},{"title":"背景颜色","type":"text","table":"LR_Base_Desktop_Target","field":"F_BGColorCode","proportion":"2","verify":"","isHide":"0","dfvalue":"","id":"F_BGColorCode"},{"title":"底部背景颜色","type":"text","table":"LR_Base_Desktop_Target","field":"F_MoreColorCode","proportion":"2","verify":"","isHide":"0","dfvalue":"","id":"F_MoreColorCode"},{"title":"是否有效","type":"radio","table":"LR_Base_Desktop_Target","field":"F_Enabled","proportion":"2","dataSource":"0","dataSourceId":"","itemCode":"IsEnabled","dfvalue":"1","id":"F_Enabled"},{"title":"排序号","type":"text","table":"LR_Base_Desktop_Target","field":"F_SortCode","proportion":"2","verify":"Num","isHide":"0","dfvalue":"","id":"F_SortCode"},{"title":"连接地址","type":"text","table":"LR_Base_Desktop_Target","field":"F_Url","proportion":"1","verify":"","isHide":"0","dfvalue":"","id":"F_Url"},{"title":"备注","type":"textarea","table":"LR_Base_Desktop_Target","field":"F_Description","proportion":"1","verify":"","height":"100","dfvalue":"","id":"F_Description"},{"title":"创建时间","type":"currentInfo","table":"LR_Base_Desktop_Target","field":"F_CreateDate","proportion":"2","isHide":"1","dataType":"time","id":"F_CreateDate"},{"title":"创建人ID","type":"currentInfo","table":"LR_Base_Desktop_Target","field":"F_CreateUserId","proportion":"2","isHide":"1","dataType":"user","id":"F_CreateUserId"},{"title":"创建人名称","type":"currentInfo","table":"LR_Base_Desktop_Target","field":"F_CreateUserName","proportion":"1","isHide":"1","dataType":"username","id":"F_CreateUserName"},{"title":"修改时间","type":"currentInfo","table":"LR_Base_Desktop_Target","field":"F_ModifyDate","proportion":"2","isHide":"1","dataType":"time","id":"F_ModifyDate"},{"title":"修改人ID","type":"currentInfo","table":"LR_Base_Desktop_Target","field":"F_ModifyUserId","proportion":"2","isHide":"1","dataType":"user","id":"F_ModifyUserId"},{"title":"修改人名称","type":"currentInfo","table":"LR_Base_Desktop_Target","field":"F_ModifyUserName","proportion":"1","isHide":"1","dataType":"username","id":"F_ModifyUserName"}]},{"id":"d564b736-e639-46b4-f905-4a67beb412a5","text":"数据配置","componts":[{"title":"注意：必须要开发人员指导下进行配置SQL语句，有可能没有配置好SQL语句会导致该功能崩溃！例子（select 3000 as value from 表名 字段名必须为value） ","type":"label","proportion":"1","id":"340d6b57-e6d0-8740-41d7-4443d568fdd4"},{"title":"数据库连接","type":"select","table":"LR_Base_Desktop_Target","field":"F_DataBaseLinkId","proportion":"1","verify":"NotNull","dataSource":"1","dataSourceId":"DatabaseLink,f_dbalias,f_databaselinkid","relation":"","relation_field":"","itemCode":"","dfvalue":"","id":"F_DataBaseLinkId"},{"title":"SQL语句","type":"textarea","table":"LR_Base_Desktop_Target","field":"F_Sql","proportion":"1","verify":"","height":"100","dfvalue":"","id":"F_Sql"}]}]}', CAST(N'2018-12-16 00:07:06.530' AS DateTime), N'System', N'超级管理员')
INSERT [dbo].[LR_Form_SchemeInfo] ([F_Id], [F_Name], [F_Type], [F_Category], [F_SchemeId], [F_DeleteMark], [F_EnabledMark], [F_Description], [F_CreateDate], [F_CreateUserId], [F_CreateUserName], [F_ModifyDate], [F_ModifyUserId], [F_ModifyUserName], [F_UrlAddress]) VALUES (N'6a88c50d-7157-47ac-9017-8e0e41babb9f', N'消息列配置', 0, N'11', N'693fa726-d888-4fe4-b223-9e09e3d95668', 0, 1, N'我的桌面-消息列配置', CAST(N'2018-12-15 20:33:34.157' AS DateTime), N'System', N'超级管理员', CAST(N'2018-12-16 22:17:02.907' AS DateTime), N'System', N'超级管理员', NULL)
INSERT [dbo].[LR_Form_Scheme] ([F_Id], [F_SchemeInfoId], [F_Type], [F_Scheme], [F_CreateDate], [F_CreateUserId], [F_CreateUserName]) VALUES (N'09ad90aa-8419-45df-8688-9ff91aedb47b', N'6a88c50d-7157-47ac-9017-8e0e41babb9f', 1, N'{"dbId":"f2d587de-43e5-4310-b968-4544f4961a39","dbTable":[{"name":"LR_Base_Desktop_MessageList","field":"F_MListId","relationName":"","relationField":""}],"data":[{"id":"1","text":"基本信息","componts":[{"title":"名称","type":"text","table":"LR_Base_Desktop_MessageList","field":"F_Name","proportion":"2","verify":"NotNull","isHide":"0","dfvalue":"","id":"F_Name"},{"title":"图标","type":"text","table":"LR_Base_Desktop_MessageList","field":"F_Icon","proportion":"2","verify":"","isHide":"0","dfvalue":"","id":"F_Icon"},{"title":"是否有效","type":"radio","table":"LR_Base_Desktop_MessageList","field":"F_Enabled","proportion":"2","dataSource":"0","dataSourceId":"","itemCode":"IsEnabled","dfvalue":"","id":"F_Enabled"},{"title":"排序号","type":"text","table":"LR_Base_Desktop_MessageList","field":"F_SortCode","proportion":"2","verify":"Num","isHide":"0","dfvalue":"","id":"F_SortCode"},{"title":"功能地址","type":"text","table":"LR_Base_Desktop_MessageList","field":"F_Url","proportion":"1","verify":"","isHide":"0","dfvalue":"","id":"F_Url"},{"title":"查看地址","type":"text","table":"LR_Base_Desktop_MessageList","field":"F_ItemUrl","proportion":"1","verify":"","isHide":"0","dfvalue":"","id":"F_ItemUrl"},{"title":"备注","type":"textarea","table":"LR_Base_Desktop_MessageList","field":"F_Description","proportion":"1","verify":"","height":"100","dfvalue":"","id":"F_Description"},{"title":"创建时间","type":"currentInfo","table":"LR_Base_Desktop_MessageList","field":"F_CreateDate","proportion":"2","isHide":"1","dataType":"time","id":"F_CreateDate"},{"title":"创建人ID","type":"currentInfo","table":"LR_Base_Desktop_MessageList","field":"F_CreateUserId","proportion":"2","isHide":"1","dataType":"user","id":"F_CreateUserId"},{"title":"创建人名称","type":"currentInfo","table":"LR_Base_Desktop_MessageList","field":"F_CreateUserName","proportion":"1","isHide":"1","dataType":"user","id":"F_CreateUserName"},{"title":"修改时间","type":"currentInfo","table":"LR_Base_Desktop_MessageList","field":"F_ModifyDate","proportion":"2","isHide":"1","dataType":"time","id":"F_ModifyDate"},{"title":"修改人ID","type":"currentInfo","table":"LR_Base_Desktop_MessageList","field":"F_ModifyUserId","proportion":"2","isHide":"1","dataType":"user","id":"F_ModifyUserId"},{"title":"修改人名称","type":"currentInfo","table":"LR_Base_Desktop_MessageList","field":"F_ModifyUserName","proportion":"1","isHide":"1","dataType":"user","id":"F_ModifyUserName"}]},{"id":"2362ffeb-9b10-4a7e-0dba-7808eef1392d","text":"数据配置","componts":[{"title":"注意：必须要开发人员指导下进行配置SQL语句，有可能没有配置好SQL语句会导致该功能崩溃！ F_Id(主键)、F_Title（标题）、F_Time（时间）、F_Content（内容）","type":"label","proportion":"1","id":"b5cdd5a9-9e63-84f1-a8f3-df1ab46e2099"},{"title":"数据库连接","type":"select","table":"LR_Base_Desktop_MessageList","field":"F_DataBaseLinkId","proportion":"1","verify":"","dataSource":"1","dataSourceId":"DatabaseLink,f_dbalias,f_databaselinkid","relation":"","relation_field":"","itemCode":"","dfvalue":"","id":"F_DataBaseLinkId"},{"title":"SQL语句","type":"textarea","table":"LR_Base_Desktop_MessageList","field":"F_Sql","proportion":"1","verify":"","height":"100","dfvalue":"","id":"F_Sql"}]}]}', CAST(N'2018-12-15 20:38:02.570' AS DateTime), N'System', N'超级管理员')
INSERT [dbo].[LR_Form_SchemeInfo] ([F_Id], [F_Name], [F_Type], [F_Category], [F_SchemeId], [F_DeleteMark], [F_EnabledMark], [F_Description], [F_CreateDate], [F_CreateUserId], [F_CreateUserName], [F_ModifyDate], [F_ModifyUserId], [F_ModifyUserName], [F_UrlAddress]) VALUES (N'2f57fbe4-84bc-4915-985e-93788864c485', N'图表配置', 0, N'11', N'1cac0c35-df45-4014-b86f-971332a71f04', 0, 1, N'我的桌面-图表配置', CAST(N'2018-12-20 23:00:30.357' AS DateTime), N'System', N'超级管理员', CAST(N'2018-12-20 23:12:52.773' AS DateTime), N'System', N'超级管理员', NULL)
INSERT [dbo].[LR_Form_Scheme] ([F_Id], [F_SchemeInfoId], [F_Type], [F_Scheme], [F_CreateDate], [F_CreateUserId], [F_CreateUserName]) VALUES (N'1cac0c35-df45-4014-b86f-971332a71f04', N'2f57fbe4-84bc-4915-985e-93788864c485', 1, N'{"dbId":"f2d587de-43e5-4310-b968-4544f4961a39","dbTable":[{"name":"LR_Base_Desktop_Chart","field":"F_ChartId","relationName":"","relationField":""}],"data":[{"id":"1","text":"基本信息","componts":[{"title":"GUID","type":"guid","table":"LR_Base_Desktop_Chart","field":"F_ChartId","proportion":"1","id":"F_ChartId"},{"title":"名称","type":"text","table":"LR_Base_Desktop_Chart","field":"F_Name","proportion":"2","verify":"NotNull","isHide":"0","dfvalue":"","id":"F_Name"},{"title":"是否有效","type":"radio","table":"LR_Base_Desktop_Chart","field":"F_Enabled","proportion":"2","dataSource":"0","dataSourceId":"","itemCode":"IsEnabled","dfvalue":"","id":"F_Enabled"},{"title":"图标","type":"text","table":"LR_Base_Desktop_Chart","field":"F_Icon","proportion":"2","verify":"","isHide":"0","dfvalue":"","id":"F_Icon"},{"title":"排序号","type":"text","table":"LR_Base_Desktop_Chart","field":"F_SortCode","proportion":"2","verify":"Num","isHide":"0","dfvalue":"","id":"F_SortCode"},{"title":"图表类型","type":"select","table":"LR_Base_Desktop_Chart","field":"F_ChartType","proportion":"1","verify":"","dataSource":"0","dataSourceId":"","relation":"","relation_field":"","itemCode":"ChartType","dfvalue":"","id":"F_ChartType"},{"title":"备注","type":"textarea","table":"LR_Base_Desktop_Chart","field":"F_Description","proportion":"1","verify":"","height":"100","dfvalue":"","id":"F_Description"},{"title":"当前信息","type":"currentInfo","table":"LR_Base_Desktop_Chart","field":"F_CreateDate","proportion":"2","isHide":"1","dataType":"time","id":"F_CreateDate"},{"title":"当前信息","type":"currentInfo","table":"LR_Base_Desktop_Chart","field":"F_CreateUserId","proportion":"2","isHide":"1","dataType":"user","id":"F_CreateUserId"},{"title":"当前信息","type":"currentInfo","table":"LR_Base_Desktop_Chart","field":"F_CreateUserName","proportion":"1","isHide":"1","dataType":"username","id":"F_CreateUserName"},{"title":"当前信息","type":"currentInfo","table":"LR_Base_Desktop_Chart","field":"F_ModifyDate","proportion":"2","isHide":"1","dataType":"time","id":"F_ModifyDate"},{"title":"当前信息","type":"currentInfo","table":"LR_Base_Desktop_Chart","field":"F_ModifyUserId","proportion":"2","isHide":"1","dataType":"user","id":"F_ModifyUserId"},{"title":"当前信息","type":"currentInfo","table":"LR_Base_Desktop_Chart","field":"F_ModifyUserName","proportion":"1","isHide":"1","dataType":"username","id":"F_ModifyUserName"}]},{"id":"d9395fea-36fc-aa9a-b168-098db79d2574","text":"数据配置","componts":[{"title":"数据库连接","type":"select","table":"LR_Base_Desktop_Chart","field":"F_DataBaseLinkId","proportion":"1","verify":"","dataSource":"1","dataSourceId":"DatabaseLink,f_dbalias,f_databaselinkid","relation":"","relation_field":"","itemCode":"","dfvalue":"","id":"F_DataBaseLinkId"},{"title":"SQL语句","type":"textarea","table":"LR_Base_Desktop_Chart","field":"F_Sql","proportion":"1","verify":"","height":"100","dfvalue":"","id":"F_Sql"}]}]}', CAST(N'2018-12-20 23:12:52.773' AS DateTime), N'System', N'超级管理员')

---我的桌面三大配置表单管理数据
INSERT [dbo].[LR_Form_Relation] ([F_Id], [F_FormId], [F_ModuleId], [F_CreateDate], [F_CreateUserId], [F_CreateUserName], [F_ModifyDate], [F_ModifyUserId], [F_ModifyUserName], [F_SettingJson]) VALUES (N'24c44373-4f1e-4089-926a-c616c2ba3dad', N'6a88c50d-7157-47ac-9017-8e0e41babb9f', N'923b265a-36b8-4db4-9afa-d47bfc0db7a9', CAST(N'2018-12-15 20:35:16.160' AS DateTime), N'System', N'超级管理员', CAST(N'2018-12-16 18:41:30.153' AS DateTime), N'System', N'超级管理员', N'{"layer":{"width":"650","height":"550","opentype":"1"},"query":{"width":"","height":"","isDate":"0","DateField":"","fields":[]},"col":{"isPage":"0","fields":[{"fieldId":"F_Name","width":"","align":"left","sort":"","id":"98896330-9173-230a-6835-a8522e639c07","fieldName":"名称","compontId":"F_Name"},{"fieldId":"F_Icon","width":"","align":"left","sort":"","id":"b7e9ca20-1ac8-878d-2ca8-a9c57eb58549","fieldName":"图标","compontId":"F_Icon"},{"fieldId":"F_Enabled","width":"","align":"left","sort":"","id":"4c79beb1-17ff-b771-99ef-734ec7cbdb64","fieldName":"是否有效","compontId":"F_Enabled"},{"fieldId":"F_SortCode","width":"","align":"left","sort":"","id":"2e1e5299-a203-7b92-ce05-8b37b80b97f6","fieldName":"排序号","compontId":"F_SortCode"},{"fieldId":"F_Url","width":"","align":"left","sort":"","id":"d63d5752-0572-f793-c621-82f8e9551e11","fieldName":"功能地址","compontId":"F_Url"},{"fieldId":"F_ModifyDate","width":"","align":"left","sort":"","id":"ac21d0d5-914f-f0b7-d14e-c62613a9f634","fieldName":"修改时间","compontId":"F_ModifyDate"},{"fieldId":"F_GetDataType","width":"","align":"left","sort":"","id":"374dfe2c-c198-6f87-de7f-ae5946a7e7f2","fieldName":"获取数据方式","compontId":"F_GetDataType"}]}}')
INSERT [dbo].[LR_Form_Relation] ([F_Id], [F_FormId], [F_ModuleId], [F_CreateDate], [F_CreateUserId], [F_CreateUserName], [F_ModifyDate], [F_ModifyUserId], [F_ModifyUserName], [F_SettingJson]) VALUES (N'3142dc6c-f694-49f6-9032-c9ecb724663e', N'ef052737-11a3-4ff7-8abc-4a6014d82ddb', N'46c6fede-8375-4521-8094-cead6b1aa718', CAST(N'2018-12-14 22:02:54.210' AS DateTime), N'System', N'超级管理员', CAST(N'2018-12-16 00:47:40.880' AS DateTime), N'System', N'超级管理员', N'{"layer":{"width":"600","height":"450","opentype":"1"},"query":{"width":"","height":"","isDate":"0","DateField":"","fields":[]},"col":{"isPage":"0","fields":[{"fieldId":"F_Name","width":"","align":"left","sort":"0","id":"86100edf-5855-5d31-73f0-cadbc19147e9","fieldName":"名称","compontId":"F_Name"},{"fieldId":"F_Icon","width":"","align":"left","sort":"1","id":"0e28038a-523c-c6c6-20a5-3af21f9fdd70","fieldName":"图标","compontId":"F_Icon"},{"fieldId":"F_BGColorCode","width":"","align":"left","sort":"2","id":"12723c22-93d9-ee21-3ccb-4d4355a3f25e","fieldName":"背景颜色","compontId":"F_BGColorCode"},{"fieldId":"F_MoreColorCode","width":"","align":"left","sort":"3","id":"a7dd6789-779b-d0d8-da4d-021283fedb1e","fieldName":"底部背景颜色","compontId":"F_MoreColorCode"},{"fieldId":"F_SortCode","width":"","align":"left","sort":"4","id":"9a06de3c-bf87-91df-a3cc-8b6403aca839","fieldName":"排序号","compontId":"F_SortCode"},{"fieldId":"F_Url","width":"","align":"left","sort":"5","id":"7e8e0ac2-2767-28db-bb4a-ff4c52ae707d","fieldName":"连接地址","compontId":"F_Url"},{"fieldId":"F_Enabled","width":"","align":"left","sort":"","id":"a8ce7d8a-a91b-fbca-d69f-40d7cb75c591","fieldName":"是否有效","compontId":"F_Enabled"},{"fieldId":"F_ModifyDate","width":"","align":"left","sort":"","id":"6ab0502e-c719-c9c6-72dc-4bf6ef7a1473","fieldName":"修改时间","compontId":"F_ModifyDate"}]}}')
INSERT [dbo].[LR_Form_Relation] ([F_Id], [F_FormId], [F_ModuleId], [F_CreateDate], [F_CreateUserId], [F_CreateUserName], [F_ModifyDate], [F_ModifyUserId], [F_ModifyUserName], [F_SettingJson]) VALUES (N'7b334cd7-8d8c-442f-b88f-838241ca83bb', N'2f57fbe4-84bc-4915-985e-93788864c485', N'ebda7064-5333-4d22-b7c2-7bf44388eee5', CAST(N'2018-12-20 23:11:09.080' AS DateTime), N'System', N'超级管理员', NULL, NULL, NULL, N'{"layer":{"width":"600","height":"400","opentype":"1"},"query":{"width":"","height":"","isDate":"0","DateField":"","fields":[]},"col":{"isPage":"0","fields":[{"fieldId":"F_Name","width":"","align":"left","sort":"","id":"054f15c8-fc8a-5e8a-440a-fa66893a57de","fieldName":"名称","compontId":"F_Name"},{"fieldId":"F_Enabled","width":"","align":"left","sort":"","id":"c9450833-2042-789b-c822-19548cab4437","fieldName":"是否有效","compontId":"F_Enabled"},{"fieldId":"F_Icon","width":"","align":"left","sort":"","id":"3eea9c12-8d19-5311-3b8f-42552b30e63d","fieldName":"图标","compontId":"F_Icon"},{"fieldId":"F_ChartType","width":"","align":"left","sort":"","id":"71850662-793a-ce92-afad-604248609016","fieldName":"图表类型","compontId":"F_ChartType"},{"fieldId":"F_SortCode","width":"","align":"left","sort":"","id":"e15d311b-d0cf-2943-c23b-765c46f5517e","fieldName":"排序号","compontId":"F_SortCode"}]}}')

---添加桌面配置菜单数据
INSERT [dbo].[LR_Base_Module] ([F_ModuleId], [F_ParentId], [F_EnCode], [F_FullName], [F_Icon], [F_UrlAddress], [F_Target], [F_IsMenu], [F_AllowExpand], [F_IsPublic], [F_AllowEdit], [F_AllowDelete], [F_SortCode], [F_DeleteMark], [F_EnabledMark], [F_Description], [F_CreateDate], [F_CreateUserId], [F_CreateUserName], [F_ModifyDate], [F_ModifyUserId], [F_ModifyUserName]) VALUES (N'c48f6771-6071-4c12-a387-62cf1017213b', N'1', N'Desktop', N'桌面配置', N'fa fa-home', NULL, N'expand', 1, 1, NULL, NULL, NULL, 9, 0, 1, NULL, CAST(N'2018-12-14 21:33:43.550' AS DateTime), N'System', N'超级管理员', CAST(N'2018-12-14 21:36:34.763' AS DateTime), N'System', N'超级管理员')
INSERT [dbo].[LR_Base_Module] ([F_ModuleId], [F_ParentId], [F_EnCode], [F_FullName], [F_Icon], [F_UrlAddress], [F_Target], [F_IsMenu], [F_AllowExpand], [F_IsPublic], [F_AllowEdit], [F_AllowDelete], [F_SortCode], [F_DeleteMark], [F_EnabledMark], [F_Description], [F_CreateDate], [F_CreateUserId], [F_CreateUserName], [F_ModifyDate], [F_ModifyUserId], [F_ModifyUserName]) VALUES (N'46c6fede-8375-4521-8094-cead6b1aa718', N'c48f6771-6071-4c12-a387-62cf1017213b', N'DTTarget', N'统计配置', N'fa fa-balance-scale', N'/LR_FormModule/FormRelation/PreviewIndex?id=3142dc6c-f694-49f6-9032-c9ecb724663e', N'iframe', 1, NULL, NULL, NULL, NULL, 0, 0, 1, N'桌面-统计配置', CAST(N'2018-12-14 22:02:54.213' AS DateTime), N'System', N'超级管理员', CAST(N'2018-12-16 00:47:40.807' AS DateTime), N'System', N'超级管理员')
INSERT [dbo].[LR_Base_Module] ([F_ModuleId], [F_ParentId], [F_EnCode], [F_FullName], [F_Icon], [F_UrlAddress], [F_Target], [F_IsMenu], [F_AllowExpand], [F_IsPublic], [F_AllowEdit], [F_AllowDelete], [F_SortCode], [F_DeleteMark], [F_EnabledMark], [F_Description], [F_CreateDate], [F_CreateUserId], [F_CreateUserName], [F_ModifyDate], [F_ModifyUserId], [F_ModifyUserName]) VALUES (N'923b265a-36b8-4db4-9afa-d47bfc0db7a9', N'c48f6771-6071-4c12-a387-62cf1017213b', N'DTList', N'消息列配置', N'fa fa-tasks', N'/LR_FormModule/FormRelation/PreviewIndex?id=24c44373-4f1e-4089-926a-c616c2ba3dad', N'iframe', 1, NULL, NULL, NULL, NULL, 2, 0, 1, NULL, CAST(N'2018-12-15 20:35:16.167' AS DateTime), N'System', N'超级管理员', CAST(N'2018-12-16 18:41:30.077' AS DateTime), N'System', N'超级管理员')
INSERT [dbo].[LR_Base_Module] ([F_ModuleId], [F_ParentId], [F_EnCode], [F_FullName], [F_Icon], [F_UrlAddress], [F_Target], [F_IsMenu], [F_AllowExpand], [F_IsPublic], [F_AllowEdit], [F_AllowDelete], [F_SortCode], [F_DeleteMark], [F_EnabledMark], [F_Description], [F_CreateDate], [F_CreateUserId], [F_CreateUserName], [F_ModifyDate], [F_ModifyUserId], [F_ModifyUserName]) VALUES (N'ebda7064-5333-4d22-b7c2-7bf44388eee5', N'c48f6771-6071-4c12-a387-62cf1017213b', N'DTChart', N'图表配置', N'fa fa-bar-chart', N'/LR_FormModule/FormRelation/PreviewIndex?id=7b334cd7-8d8c-442f-b88f-838241ca83bb', N'iframe', 1, NULL, NULL, NULL, NULL, 3, 0, 1, N'', CAST(N'2018-12-20 23:11:09.093' AS DateTime), N'System', N'超级管理员', NULL, NULL, NULL)

INSERT [dbo].[LR_Base_ModuleForm] ([F_ModuleFormId], [F_ModuleId], [F_EnCode], [F_FullName], [F_SortCode]) VALUES (N'05438f15-7144-1dd7-58c5-292b8a29f3b0', N'ebda7064-5333-4d22-b7c2-7bf44388eee5', N'F_SortCode', N'排序号', 3)
INSERT [dbo].[LR_Base_ModuleForm] ([F_ModuleFormId], [F_ModuleId], [F_EnCode], [F_FullName], [F_SortCode]) VALUES (N'276d16b5-043d-e2e8-615c-5e9ec70eecd5', N'ebda7064-5333-4d22-b7c2-7bf44388eee5', N'F_Icon', N'图标', 2)
INSERT [dbo].[LR_Base_ModuleForm] ([F_ModuleFormId], [F_ModuleId], [F_EnCode], [F_FullName], [F_SortCode]) VALUES (N'4fd53291-02ee-3692-b20a-ad0eda448dc5', N'ebda7064-5333-4d22-b7c2-7bf44388eee5', N'F_Description', N'备注', 5)
INSERT [dbo].[LR_Base_ModuleForm] ([F_ModuleFormId], [F_ModuleId], [F_EnCode], [F_FullName], [F_SortCode]) VALUES (N'66056b32-b50e-ca22-b74f-b6d79160d82f', N'ebda7064-5333-4d22-b7c2-7bf44388eee5', N'F_Sql', N'SQL语句', 7)
INSERT [dbo].[LR_Base_ModuleForm] ([F_ModuleFormId], [F_ModuleId], [F_EnCode], [F_FullName], [F_SortCode]) VALUES (N'824149c0-8ae1-b3a2-6b68-522584607d5b', N'ebda7064-5333-4d22-b7c2-7bf44388eee5', N'F_ChartType', N'图表类型', 4)
INSERT [dbo].[LR_Base_ModuleForm] ([F_ModuleFormId], [F_ModuleId], [F_EnCode], [F_FullName], [F_SortCode]) VALUES (N'b4be6fea-d0c2-0bed-689a-33027f1abf86', N'ebda7064-5333-4d22-b7c2-7bf44388eee5', N'F_DataBaseLinkId', N'数据库连接', 6)
INSERT [dbo].[LR_Base_ModuleForm] ([F_ModuleFormId], [F_ModuleId], [F_EnCode], [F_FullName], [F_SortCode]) VALUES (N'c1c0c44d-b077-fe1e-ecc1-a06981784359', N'ebda7064-5333-4d22-b7c2-7bf44388eee5', N'F_Name', N'名称', 0)
INSERT [dbo].[LR_Base_ModuleForm] ([F_ModuleFormId], [F_ModuleId], [F_EnCode], [F_FullName], [F_SortCode]) VALUES (N'd4557b12-52db-0a92-5171-eabb4246c747', N'ebda7064-5333-4d22-b7c2-7bf44388eee5', N'F_Enabled', N'是否有效', 1)
INSERT [dbo].[LR_Base_ModuleForm] ([F_ModuleFormId], [F_ModuleId], [F_EnCode], [F_FullName], [F_SortCode]) VALUES (N'5dd8435a-2788-1958-4dc7-60363d30d477', N'1b81d38f-cfc3-4063-80fb-f08665d9e228', N'UserId', N'员工', 2)
INSERT [dbo].[LR_Base_ModuleForm] ([F_ModuleFormId], [F_ModuleId], [F_EnCode], [F_FullName], [F_SortCode]) VALUES (N'73f4c1e3-b933-962b-d273-a0d95bc7efa9', N'1b81d38f-cfc3-4063-80fb-f08665d9e228', N'CompanyId', N'公司', 0)
INSERT [dbo].[LR_Base_ModuleForm] ([F_ModuleFormId], [F_ModuleId], [F_EnCode], [F_FullName], [F_SortCode]) VALUES (N'b7c3fb10-abc3-4ee1-4fb1-f29bcafdabb9', N'1b81d38f-cfc3-4063-80fb-f08665d9e228', N'DepartmentId', N'部门', 1)
INSERT [dbo].[LR_Base_ModuleForm] ([F_ModuleFormId], [F_ModuleId], [F_EnCode], [F_FullName], [F_SortCode]) VALUES (N'143ae63f-823c-74e8-c819-b93ee75de9cb', N'46c6fede-8375-4521-8094-cead6b1aa718', N'F_ModifyUserId', N'修改人ID', 12)
INSERT [dbo].[LR_Base_ModuleForm] ([F_ModuleFormId], [F_ModuleId], [F_EnCode], [F_FullName], [F_SortCode]) VALUES (N'260f46b1-6fd7-b2ba-a142-7e462ac2d3b9', N'46c6fede-8375-4521-8094-cead6b1aa718', N'F_Enabled', N'是否有效', 4)
INSERT [dbo].[LR_Base_ModuleForm] ([F_ModuleFormId], [F_ModuleId], [F_EnCode], [F_FullName], [F_SortCode]) VALUES (N'2c0239e9-3206-8b6c-a96e-79c90f7a4e73', N'46c6fede-8375-4521-8094-cead6b1aa718', N'340d6b57-e6d0-8740-41d7-4443d568fdd4', N'注意：必须要开发人员指导下进行配置SQL语句，有可能没有配置好SQL语句会导致该功能崩溃！例子（select 3000 as value from 表名 字段名必须为value） ', 14)
INSERT [dbo].[LR_Base_ModuleForm] ([F_ModuleFormId], [F_ModuleId], [F_EnCode], [F_FullName], [F_SortCode]) VALUES (N'30e055ef-f9b5-0f21-eeba-da9519d64b92', N'46c6fede-8375-4521-8094-cead6b1aa718', N'F_ModifyDate', N'修改时间', 11)
INSERT [dbo].[LR_Base_ModuleForm] ([F_ModuleFormId], [F_ModuleId], [F_EnCode], [F_FullName], [F_SortCode]) VALUES (N'49b35595-f061-a864-2926-0dd6a7c8c9dd', N'46c6fede-8375-4521-8094-cead6b1aa718', N'F_ModifyUserName', N'修改人名称', 13)
INSERT [dbo].[LR_Base_ModuleForm] ([F_ModuleFormId], [F_ModuleId], [F_EnCode], [F_FullName], [F_SortCode]) VALUES (N'5121cfde-a5cf-ae4d-d11c-3f71464ef703', N'46c6fede-8375-4521-8094-cead6b1aa718', N'F_CreateDate', N'创建时间', 8)
INSERT [dbo].[LR_Base_ModuleForm] ([F_ModuleFormId], [F_ModuleId], [F_EnCode], [F_FullName], [F_SortCode]) VALUES (N'53a594e7-d1ca-0d87-19f6-f13cff00e445', N'46c6fede-8375-4521-8094-cead6b1aa718', N'F_SortCode', N'排序号', 5)
INSERT [dbo].[LR_Base_ModuleForm] ([F_ModuleFormId], [F_ModuleId], [F_EnCode], [F_FullName], [F_SortCode]) VALUES (N'71650641-7dd2-26f7-8bad-3dcdd87d53d6', N'46c6fede-8375-4521-8094-cead6b1aa718', N'F_DataBaseLinkId', N'数据库连接', 15)
INSERT [dbo].[LR_Base_ModuleForm] ([F_ModuleFormId], [F_ModuleId], [F_EnCode], [F_FullName], [F_SortCode]) VALUES (N'73de25f0-66ae-fd96-d285-a78d607afb20', N'46c6fede-8375-4521-8094-cead6b1aa718', N'F_MoreColorCode', N'底部背景颜色', 3)
INSERT [dbo].[LR_Base_ModuleForm] ([F_ModuleFormId], [F_ModuleId], [F_EnCode], [F_FullName], [F_SortCode]) VALUES (N'7837d4dd-57cc-6550-2ee9-bc27071b8871', N'46c6fede-8375-4521-8094-cead6b1aa718', N'F_Url', N'连接地址', 6)
INSERT [dbo].[LR_Base_ModuleForm] ([F_ModuleFormId], [F_ModuleId], [F_EnCode], [F_FullName], [F_SortCode]) VALUES (N'9ce5e688-b01c-f689-3072-34e3b3128057', N'46c6fede-8375-4521-8094-cead6b1aa718', N'F_Description', N'备注', 7)
INSERT [dbo].[LR_Base_ModuleForm] ([F_ModuleFormId], [F_ModuleId], [F_EnCode], [F_FullName], [F_SortCode]) VALUES (N'9eaf0703-341f-01ef-7a2f-81fa9b8f9164', N'46c6fede-8375-4521-8094-cead6b1aa718', N'F_Icon', N'图标', 1)
INSERT [dbo].[LR_Base_ModuleForm] ([F_ModuleFormId], [F_ModuleId], [F_EnCode], [F_FullName], [F_SortCode]) VALUES (N'd32f3c45-b413-0a3f-0d33-93a2bb5689ac', N'46c6fede-8375-4521-8094-cead6b1aa718', N'F_Sql', N'SQL语句', 16)
INSERT [dbo].[LR_Base_ModuleForm] ([F_ModuleFormId], [F_ModuleId], [F_EnCode], [F_FullName], [F_SortCode]) VALUES (N'e1cb625a-461f-efd7-ce10-67ba64429f49', N'46c6fede-8375-4521-8094-cead6b1aa718', N'F_CreateUserName', N'创建人名称', 10)
INSERT [dbo].[LR_Base_ModuleForm] ([F_ModuleFormId], [F_ModuleId], [F_EnCode], [F_FullName], [F_SortCode]) VALUES (N'eaf16b02-5f1a-d316-9754-5ab2a44b5340', N'46c6fede-8375-4521-8094-cead6b1aa718', N'F_Name', N'名称', 0)
INSERT [dbo].[LR_Base_ModuleForm] ([F_ModuleFormId], [F_ModuleId], [F_EnCode], [F_FullName], [F_SortCode]) VALUES (N'ee4f05b1-b6c2-4cae-1938-2783e835d4ce', N'46c6fede-8375-4521-8094-cead6b1aa718', N'F_BGColorCode', N'背景颜色', 2)
INSERT [dbo].[LR_Base_ModuleForm] ([F_ModuleFormId], [F_ModuleId], [F_EnCode], [F_FullName], [F_SortCode]) VALUES (N'efb9d5d7-ef1f-bcec-fa6a-2944d06d4cf7', N'46c6fede-8375-4521-8094-cead6b1aa718', N'F_CreateUserId', N'创建人ID', 9)
INSERT [dbo].[LR_Base_ModuleForm] ([F_ModuleFormId], [F_ModuleId], [F_EnCode], [F_FullName], [F_SortCode]) VALUES (N'2a91192f-6921-ad34-807d-9bbdf9215e82', N'923b265a-36b8-4db4-9afa-d47bfc0db7a9', N'F_Enabled', N'是否有效', 2)
INSERT [dbo].[LR_Base_ModuleForm] ([F_ModuleFormId], [F_ModuleId], [F_EnCode], [F_FullName], [F_SortCode]) VALUES (N'305c1d07-0fd0-8b38-5d25-7e6253b3020d', N'923b265a-36b8-4db4-9afa-d47bfc0db7a9', N'F_ModifyDate', N'修改时间', 10)
INSERT [dbo].[LR_Base_ModuleForm] ([F_ModuleFormId], [F_ModuleId], [F_EnCode], [F_FullName], [F_SortCode]) VALUES (N'5c44ef49-f99b-642a-f607-b99de8fec0b5', N'923b265a-36b8-4db4-9afa-d47bfc0db7a9', N'F_Interface', N'接口地址', 17)
INSERT [dbo].[LR_Base_ModuleForm] ([F_ModuleFormId], [F_ModuleId], [F_EnCode], [F_FullName], [F_SortCode]) VALUES (N'6ede0c50-e970-d59f-1557-c037b06e6ec2', N'923b265a-36b8-4db4-9afa-d47bfc0db7a9', N'F_ModifyUserName', N'修改人名称', 12)
INSERT [dbo].[LR_Base_ModuleForm] ([F_ModuleFormId], [F_ModuleId], [F_EnCode], [F_FullName], [F_SortCode]) VALUES (N'709eddf6-7651-d50a-76b4-1f7da1331b1b', N'923b265a-36b8-4db4-9afa-d47bfc0db7a9', N'F_DataBaseLinkId', N'数据库连接', 15)
INSERT [dbo].[LR_Base_ModuleForm] ([F_ModuleFormId], [F_ModuleId], [F_EnCode], [F_FullName], [F_SortCode]) VALUES (N'7358248b-e82c-a108-5f98-dbe0e28573e7', N'923b265a-36b8-4db4-9afa-d47bfc0db7a9', N'F_CreateUserId', N'创建人ID', 8)
INSERT [dbo].[LR_Base_ModuleForm] ([F_ModuleFormId], [F_ModuleId], [F_EnCode], [F_FullName], [F_SortCode]) VALUES (N'7773ad0c-4c4b-b185-6ef4-dc96d3a56e58', N'923b265a-36b8-4db4-9afa-d47bfc0db7a9', N'F_CreateUserName', N'创建人名称', 9)
INSERT [dbo].[LR_Base_ModuleForm] ([F_ModuleFormId], [F_ModuleId], [F_EnCode], [F_FullName], [F_SortCode]) VALUES (N'7ca07424-3b01-ab6f-8783-ab972e099c3e', N'923b265a-36b8-4db4-9afa-d47bfc0db7a9', N'F_Description', N'备注', 6)
INSERT [dbo].[LR_Base_ModuleForm] ([F_ModuleFormId], [F_ModuleId], [F_EnCode], [F_FullName], [F_SortCode]) VALUES (N'7d787541-9838-6e7e-03e0-13c4b75649c1', N'923b265a-36b8-4db4-9afa-d47bfc0db7a9', N'F_InterfaceParam', N'接口参数（JSON）', 18)
INSERT [dbo].[LR_Base_ModuleForm] ([F_ModuleFormId], [F_ModuleId], [F_EnCode], [F_FullName], [F_SortCode]) VALUES (N'8587bf4a-c9c0-8647-aa2b-5e93b8d03355', N'923b265a-36b8-4db4-9afa-d47bfc0db7a9', N'F_GetDataType', N'获取数据方式', 14)
INSERT [dbo].[LR_Base_ModuleForm] ([F_ModuleFormId], [F_ModuleId], [F_EnCode], [F_FullName], [F_SortCode]) VALUES (N'90841e72-d49d-2971-f8e4-957311a38988', N'923b265a-36b8-4db4-9afa-d47bfc0db7a9', N'F_ItemUrl', N'查看地址', 5)
INSERT [dbo].[LR_Base_ModuleForm] ([F_ModuleFormId], [F_ModuleId], [F_EnCode], [F_FullName], [F_SortCode]) VALUES (N'b63ab196-1e2c-812c-986f-6595169e4d3d', N'923b265a-36b8-4db4-9afa-d47bfc0db7a9', N'F_Url', N'功能地址', 4)
INSERT [dbo].[LR_Base_ModuleForm] ([F_ModuleFormId], [F_ModuleId], [F_EnCode], [F_FullName], [F_SortCode]) VALUES (N'bcf481aa-bcb8-fecc-6957-15d1794027b6', N'923b265a-36b8-4db4-9afa-d47bfc0db7a9', N'b5cdd5a9-9e63-84f1-a8f3-df1ab46e2099', N'注意：必须要开发人员指导下进行配置SQL语句，有可能没有配置好SQL语句会导致该功能崩溃！ F_Id(主键)、F_Title（标题）、F_Time（时间）、F_Content（内容）', 13)
INSERT [dbo].[LR_Base_ModuleForm] ([F_ModuleFormId], [F_ModuleId], [F_EnCode], [F_FullName], [F_SortCode]) VALUES (N'bfed6de3-f520-0ff4-f204-8a6f329e7d21', N'923b265a-36b8-4db4-9afa-d47bfc0db7a9', N'F_SortCode', N'排序号', 3)
INSERT [dbo].[LR_Base_ModuleForm] ([F_ModuleFormId], [F_ModuleId], [F_EnCode], [F_FullName], [F_SortCode]) VALUES (N'c4a32d1a-d96d-cb75-b3cc-f8460b696bec', N'923b265a-36b8-4db4-9afa-d47bfc0db7a9', N'F_Name', N'名称', 0)
INSERT [dbo].[LR_Base_ModuleForm] ([F_ModuleFormId], [F_ModuleId], [F_EnCode], [F_FullName], [F_SortCode]) VALUES (N'c8e514a8-2888-43ce-3db5-8c82fc4c6238', N'923b265a-36b8-4db4-9afa-d47bfc0db7a9', N'F_Icon', N'图标', 1)
INSERT [dbo].[LR_Base_ModuleForm] ([F_ModuleFormId], [F_ModuleId], [F_EnCode], [F_FullName], [F_SortCode]) VALUES (N'd002d55d-071c-57f6-a883-a1faade86671', N'923b265a-36b8-4db4-9afa-d47bfc0db7a9', N'F_CreateDate', N'创建时间', 7)
INSERT [dbo].[LR_Base_ModuleForm] ([F_ModuleFormId], [F_ModuleId], [F_EnCode], [F_FullName], [F_SortCode]) VALUES (N'd425aecd-f0b2-86f5-9020-8ef28be455c2', N'923b265a-36b8-4db4-9afa-d47bfc0db7a9', N'F_Sql', N'SQL语句', 16)
INSERT [dbo].[LR_Base_ModuleForm] ([F_ModuleFormId], [F_ModuleId], [F_EnCode], [F_FullName], [F_SortCode]) VALUES (N'e015032c-f98d-28cc-d57c-1a65d6553ba5', N'923b265a-36b8-4db4-9afa-d47bfc0db7a9', N'F_ModifyUserId', N'修改人ID', 11)


INSERT [dbo].[LR_Base_ModuleColumn] ([F_ModuleColumnId], [F_ModuleId], [F_ParentId], [F_EnCode], [F_FullName], [F_SortCode], [F_Description]) VALUES (N'11f2bf7a-b3b4-34d9-da24-36436a5112ab', N'46c6fede-8375-4521-8094-cead6b1aa718', NULL, N'f_modifydate0', N'修改时间', 7, NULL)
INSERT [dbo].[LR_Base_ModuleColumn] ([F_ModuleColumnId], [F_ModuleId], [F_ParentId], [F_EnCode], [F_FullName], [F_SortCode], [F_Description]) VALUES (N'141ec06f-ec92-f711-0bbb-25e2b8155986', N'46c6fede-8375-4521-8094-cead6b1aa718', NULL, N'f_url0', N'连接地址', 5, NULL)
INSERT [dbo].[LR_Base_ModuleColumn] ([F_ModuleColumnId], [F_ModuleId], [F_ParentId], [F_EnCode], [F_FullName], [F_SortCode], [F_Description]) VALUES (N'302e41fc-262d-85bb-7df6-6afa4e421ad5', N'46c6fede-8375-4521-8094-cead6b1aa718', NULL, N'f_enabled0', N'是否有效', 6, NULL)
INSERT [dbo].[LR_Base_ModuleColumn] ([F_ModuleColumnId], [F_ModuleId], [F_ParentId], [F_EnCode], [F_FullName], [F_SortCode], [F_Description]) VALUES (N'603974fe-49e9-7b03-72a2-b18f42d2e903', N'46c6fede-8375-4521-8094-cead6b1aa718', NULL, N'f_icon0', N'图标', 1, NULL)
INSERT [dbo].[LR_Base_ModuleColumn] ([F_ModuleColumnId], [F_ModuleId], [F_ParentId], [F_EnCode], [F_FullName], [F_SortCode], [F_Description]) VALUES (N'73d030b6-c63a-6d65-c133-161f478c3e97', N'46c6fede-8375-4521-8094-cead6b1aa718', NULL, N'f_morecolorcode0', N'底部背景颜色', 3, NULL)
INSERT [dbo].[LR_Base_ModuleColumn] ([F_ModuleColumnId], [F_ModuleId], [F_ParentId], [F_EnCode], [F_FullName], [F_SortCode], [F_Description]) VALUES (N'a86c6b1c-757a-3571-cbd6-cbc4e5fa6f03', N'46c6fede-8375-4521-8094-cead6b1aa718', NULL, N'f_sortcode0', N'排序号', 4, NULL)
INSERT [dbo].[LR_Base_ModuleColumn] ([F_ModuleColumnId], [F_ModuleId], [F_ParentId], [F_EnCode], [F_FullName], [F_SortCode], [F_Description]) VALUES (N'adaf8706-7589-f501-9bc2-53ab02586477', N'46c6fede-8375-4521-8094-cead6b1aa718', NULL, N'f_bgcolorcode0', N'背景颜色', 2, NULL)
INSERT [dbo].[LR_Base_ModuleColumn] ([F_ModuleColumnId], [F_ModuleId], [F_ParentId], [F_EnCode], [F_FullName], [F_SortCode], [F_Description]) VALUES (N'ba4aea2c-82ed-203a-1812-8dc4eca13a5b', N'46c6fede-8375-4521-8094-cead6b1aa718', NULL, N'f_name0', N'名称', 0, NULL)
INSERT [dbo].[LR_Base_ModuleColumn] ([F_ModuleColumnId], [F_ModuleId], [F_ParentId], [F_EnCode], [F_FullName], [F_SortCode], [F_Description]) VALUES (N'3bab4657-5aa9-27a6-ee67-b7647cbaf2ef', N'923b265a-36b8-4db4-9afa-d47bfc0db7a9', NULL, N'f_getdatatype0', N'获取数据方式', 6, NULL)
INSERT [dbo].[LR_Base_ModuleColumn] ([F_ModuleColumnId], [F_ModuleId], [F_ParentId], [F_EnCode], [F_FullName], [F_SortCode], [F_Description]) VALUES (N'7811e269-4ca2-b8c6-30f1-e03e3c519dc5', N'923b265a-36b8-4db4-9afa-d47bfc0db7a9', NULL, N'f_name0', N'名称', 0, NULL)
INSERT [dbo].[LR_Base_ModuleColumn] ([F_ModuleColumnId], [F_ModuleId], [F_ParentId], [F_EnCode], [F_FullName], [F_SortCode], [F_Description]) VALUES (N'8be4e7fc-47db-d736-ea4c-e6ed3da97681', N'923b265a-36b8-4db4-9afa-d47bfc0db7a9', NULL, N'f_enabled0', N'是否有效', 2, NULL)
INSERT [dbo].[LR_Base_ModuleColumn] ([F_ModuleColumnId], [F_ModuleId], [F_ParentId], [F_EnCode], [F_FullName], [F_SortCode], [F_Description]) VALUES (N'91e75b75-8dfd-f8bb-712c-d33488982a73', N'923b265a-36b8-4db4-9afa-d47bfc0db7a9', NULL, N'f_sortcode0', N'排序号', 3, NULL)
INSERT [dbo].[LR_Base_ModuleColumn] ([F_ModuleColumnId], [F_ModuleId], [F_ParentId], [F_EnCode], [F_FullName], [F_SortCode], [F_Description]) VALUES (N'd16df531-33e8-cad5-eac5-2229409449e3', N'923b265a-36b8-4db4-9afa-d47bfc0db7a9', NULL, N'f_url0', N'功能地址', 4, NULL)
INSERT [dbo].[LR_Base_ModuleColumn] ([F_ModuleColumnId], [F_ModuleId], [F_ParentId], [F_EnCode], [F_FullName], [F_SortCode], [F_Description]) VALUES (N'd25b3c2e-a128-0698-fb9d-f3b51ee5088f', N'923b265a-36b8-4db4-9afa-d47bfc0db7a9', NULL, N'f_icon0', N'图标', 1, NULL)
INSERT [dbo].[LR_Base_ModuleColumn] ([F_ModuleColumnId], [F_ModuleId], [F_ParentId], [F_EnCode], [F_FullName], [F_SortCode], [F_Description]) VALUES (N'de4f34b8-cfe0-529b-8ea4-8099ed71c45f', N'923b265a-36b8-4db4-9afa-d47bfc0db7a9', NULL, N'f_modifydate0', N'修改时间', 5, NULL)
INSERT [dbo].[LR_Base_ModuleColumn] ([F_ModuleColumnId], [F_ModuleId], [F_ParentId], [F_EnCode], [F_FullName], [F_SortCode], [F_Description]) VALUES (N'4026456b-dbc0-4864-6c41-e561c7d43419', N'ebda7064-5333-4d22-b7c2-7bf44388eee5', NULL, N'f_enabled0', N'是否有效', 1, NULL)
INSERT [dbo].[LR_Base_ModuleColumn] ([F_ModuleColumnId], [F_ModuleId], [F_ParentId], [F_EnCode], [F_FullName], [F_SortCode], [F_Description]) VALUES (N'4f785ea6-2f5a-2666-4e5f-a65a6b56ff90', N'ebda7064-5333-4d22-b7c2-7bf44388eee5', NULL, N'f_charttype0', N'图表类型', 3, NULL)
INSERT [dbo].[LR_Base_ModuleColumn] ([F_ModuleColumnId], [F_ModuleId], [F_ParentId], [F_EnCode], [F_FullName], [F_SortCode], [F_Description]) VALUES (N'a7f0017b-4166-c6af-8e94-789e2c9a0f84', N'ebda7064-5333-4d22-b7c2-7bf44388eee5', NULL, N'f_sortcode0', N'排序号', 4, NULL)
INSERT [dbo].[LR_Base_ModuleColumn] ([F_ModuleColumnId], [F_ModuleId], [F_ParentId], [F_EnCode], [F_FullName], [F_SortCode], [F_Description]) VALUES (N'befe55ac-7696-0cf7-3417-722094ca6393', N'ebda7064-5333-4d22-b7c2-7bf44388eee5', NULL, N'f_icon0', N'图标', 2, NULL)
INSERT [dbo].[LR_Base_ModuleColumn] ([F_ModuleColumnId], [F_ModuleId], [F_ParentId], [F_EnCode], [F_FullName], [F_SortCode], [F_Description]) VALUES (N'cbca068a-1603-4212-a660-adc4d34369db', N'ebda7064-5333-4d22-b7c2-7bf44388eee5', NULL, N'f_name0', N'名称', 0, NULL)


INSERT [dbo].[LR_Base_ModuleButton] ([F_ModuleButtonId], [F_ModuleId], [F_ParentId], [F_Icon], [F_EnCode], [F_FullName], [F_ActionAddress], [F_SortCode]) VALUES (N'7cd91232-58ff-4f45-9f3e-06d53e564203', N'46c6fede-8375-4521-8094-cead6b1aa718', N'0', NULL, N'lr_add', N'新增', NULL, 0)
INSERT [dbo].[LR_Base_ModuleButton] ([F_ModuleButtonId], [F_ModuleId], [F_ParentId], [F_Icon], [F_EnCode], [F_FullName], [F_ActionAddress], [F_SortCode]) VALUES (N'c559f2c6-97ea-4d14-880c-65acb032cd31', N'46c6fede-8375-4521-8094-cead6b1aa718', N'0', NULL, N'lr_print', N'打印', NULL, 3)
INSERT [dbo].[LR_Base_ModuleButton] ([F_ModuleButtonId], [F_ModuleId], [F_ParentId], [F_Icon], [F_EnCode], [F_FullName], [F_ActionAddress], [F_SortCode]) VALUES (N'e64acd66-d14c-48e9-8bb9-d3b1f14bf4a5', N'46c6fede-8375-4521-8094-cead6b1aa718', N'0', NULL, N'lr_delete', N'删除', NULL, 2)
INSERT [dbo].[LR_Base_ModuleButton] ([F_ModuleButtonId], [F_ModuleId], [F_ParentId], [F_Icon], [F_EnCode], [F_FullName], [F_ActionAddress], [F_SortCode]) VALUES (N'0a1ae74b-99ac-49df-b155-8c555c20d643', N'923b265a-36b8-4db4-9afa-d47bfc0db7a9', N'0', NULL, N'lr_print', N'打印', NULL, 3)
INSERT [dbo].[LR_Base_ModuleButton] ([F_ModuleButtonId], [F_ModuleId], [F_ParentId], [F_Icon], [F_EnCode], [F_FullName], [F_ActionAddress], [F_SortCode]) VALUES (N'976e4519-181b-418a-8cae-037eea5eadc6', N'923b265a-36b8-4db4-9afa-d47bfc0db7a9', N'0', NULL, N'lr_edit', N'编辑', NULL, 1)
INSERT [dbo].[LR_Base_ModuleButton] ([F_ModuleButtonId], [F_ModuleId], [F_ParentId], [F_Icon], [F_EnCode], [F_FullName], [F_ActionAddress], [F_SortCode]) VALUES (N'e594c977-ac9a-40eb-b486-04a09008819d', N'923b265a-36b8-4db4-9afa-d47bfc0db7a9', N'0', NULL, N'lr_add', N'新增', NULL, 0)
INSERT [dbo].[LR_Base_ModuleButton] ([F_ModuleButtonId], [F_ModuleId], [F_ParentId], [F_Icon], [F_EnCode], [F_FullName], [F_ActionAddress], [F_SortCode]) VALUES (N'f8574a91-ef77-43c6-9df8-f6e4a0232c59', N'923b265a-36b8-4db4-9afa-d47bfc0db7a9', N'0', NULL, N'lr_delete', N'删除', NULL, 2)
INSERT [dbo].[LR_Base_ModuleButton] ([F_ModuleButtonId], [F_ModuleId], [F_ParentId], [F_Icon], [F_EnCode], [F_FullName], [F_ActionAddress], [F_SortCode]) VALUES (N'5305c880-b01a-4587-95d2-bc7d72e95dcd', N'ebda7064-5333-4d22-b7c2-7bf44388eee5', N'0', NULL, N'lr_add', N'新增', NULL, 0)
INSERT [dbo].[LR_Base_ModuleButton] ([F_ModuleButtonId], [F_ModuleId], [F_ParentId], [F_Icon], [F_EnCode], [F_FullName], [F_ActionAddress], [F_SortCode]) VALUES (N'ac3459f9-0055-4fd6-931a-cde0e4780790', N'ebda7064-5333-4d22-b7c2-7bf44388eee5', N'0', NULL, N'lr_edit', N'编辑', NULL, 1)
INSERT [dbo].[LR_Base_ModuleButton] ([F_ModuleButtonId], [F_ModuleId], [F_ParentId], [F_Icon], [F_EnCode], [F_FullName], [F_ActionAddress], [F_SortCode]) VALUES (N'ba25bfa9-1889-4730-96ad-48069f4fee8f', N'ebda7064-5333-4d22-b7c2-7bf44388eee5', N'0', NULL, N'lr_delete', N'删除', NULL, 2)
INSERT [dbo].[LR_Base_ModuleButton] ([F_ModuleButtonId], [F_ModuleId], [F_ParentId], [F_Icon], [F_EnCode], [F_FullName], [F_ActionAddress], [F_SortCode]) VALUES (N'befe1378-f30e-460f-8c47-d8da0ba4e6ca', N'ebda7064-5333-4d22-b7c2-7bf44388eee5', N'0', NULL, N'lr_print', N'打印', NULL, 3)
